{
  "0.02": {
    "trajectory": [
      [
        0.0,
        0.0,
        0.0,
        0.0,
        0.0
      ],
      [
        0.0,
        0.0,
        0.0,
        0.0,
        0.0
      ],
      [
        0.006000000000000001,
        -0.006000000000000001,
        0.006000000000000001,
        -0.006000000000000001,
        0.006000000000000001
      ],
      [
        0.0017805091983143758,
        -0.016474464171185144,
        0.0018253463328293381,
        -0.014499965356888054,
        0.0028224708920624097
      ],
      [
        -0.0015012969138463454,
        -0.03303413711913815,
        0.007909563624926825,
        -0.01618865741475396,
        0.009224312859181821
      ],
      [
        -0.005076024712169424,
        -0.035634424295676786,
        0.0026153415592733145,
        -0.008715758984475509,
        0.009801978228473346
      ]
    ],
    "total_displacement": 0.038398716972074316,
    "total_path_length": 0.05780534681982146,
    "max_excursion": 0.03877150862402244,
    "smoothness": 1.5053978720659007
  },
  "0.05": {
    "trajectory": [
      [
        0.0,
        0.0,
        0.0,
        0.0,
        0.0
      ],
      [
        0.0,
        0.0,
        0.0,
        0.0,
        0.0
      ],
      [
        0.015000000000000003,
        -0.015000000000000003,
        0.015000000000000003,
        -0.015000000000000003,
        0.015000000000000003
      ],
      [
        0.004451272995785941,
        -0.04118616042796286,
        0.004563365832073346,
        -0.03624991339222014,
        0.007056177230156025
      ],
      [
        -0.0037532422846158625,
        -0.08258534279784538,
        0.019773909062317064,
        -0.040471643536884906,
        0.02306078214795456
      ],
      [
        -0.01269006178042356,
        -0.08908606073919198,
        0.006538353898183285,
        -0.02178939746118878,
        0.02450494557118337
      ]
    ],
    "total_displacement": 0.09599679243018581,
    "total_path_length": 0.14451336704955364,
    "max_excursion": 0.09692877156005611,
    "smoothness": 1.5053978720659003
  },
  "0.1": {
    "trajectory": [
      [
        0.0,
        0.0,
        0.0,
        0.0,
        0.0
      ],
      [
        0.0,
        0.0,
        0.0,
        0.0,
        0.0
      ],
      [
        0.030000000000000006,
        -0.030000000000000006,
        0.030000000000000006,
        -0.030000000000000006,
        0.030000000000000006
      ],
      [
        0.008902545991571881,
        -0.08237232085592572,
        0.009126731664146692,
        -0.07249982678444028,
        0.01411235446031205
      ],
      [
        -0.007506484569231725,
        -0.16517068559569076,
        0.03954781812463413,
        -0.08094328707376981,
        0.04612156429590912
      ],
      [
        -0.02538012356084712,
        -0.17817212147838396,
        0.01307670779636657,
        -0.04357879492237756,
        0.04900989114236674
      ]
    ],
    "total_displacement": 0.19199358486037163,
    "total_path_length": 0.2890267340991073,
    "max_excursion": 0.19385754312011222,
    "smoothness": 1.5053978720659003
  },
  "0.2": {
    "trajectory": [
      [
        0.0,
        0.0,
        0.0,
        0.0,
        0.0
      ],
      [
        0.0,
        0.0,
        0.0,
        0.0,
        0.0
      ],
      [
        0.06000000000000001,
        -0.06000000000000001,
        0.06000000000000001,
        -0.06000000000000001,
        0.06000000000000001
      ],
      [
        0.017805091983143763,
        -0.16474464171185144,
        0.018253463328293383,
        -0.14499965356888056,
        0.0282247089206241
      ],
      [
        -0.01501296913846345,
        -0.3303413711913815,
        0.07909563624926826,
        -0.16188657414753962,
        0.09224312859181824
      ],
      [
        -0.05076024712169424,
        -0.3563442429567679,
        0.02615341559273314,
        -0.08715758984475512,
        0.09801978228473349
      ]
    ],
    "total_displacement": 0.38398716972074326,
    "total_path_length": 0.5780534681982146,
    "max_excursion": 0.38771508624022444,
    "smoothness": 1.5053978720659003
  },
  "0.4": {
    "trajectory": [
      [
        0.0,
        0.0,
        0.0,
        0.0,
        0.0
      ],
      [
        0.0,
        0.0,
        0.0,
        0.0,
        0.0
      ],
      [
        0.12000000000000002,
        -0.12000000000000002,
        0.12000000000000002,
        -0.12000000000000002,
        0.12000000000000002
      ],
      [
        0.035610183966287526,
        -0.3294892834237029,
        0.036506926656586766,
        -0.2899993071377611,
        0.0564494178412482
      ],
      [
        -0.0300259382769269,
        -0.660682742382763,
        0.1581912724985365,
        -0.32377314829507925,
        0.18448625718363648
      ],
      [
        -0.10152049424338848,
        -0.7126884859135358,
        0.05230683118546628,
        -0.17431517968951024,
        0.19603956456946697
      ]
    ],
    "total_displacement": 0.7679743394414865,
    "total_path_length": 1.1561069363964291,
    "max_excursion": 0.7754301724804489,
    "smoothness": 1.5053978720659003
  },
  "0.8": {
    "trajectory": [
      [
        0.0,
        0.0,
        0.0,
        0.0,
        0.0
      ],
      [
        0.0,
        0.0,
        0.0,
        0.0,
        0.0
      ],
      [
        0.24000000000000005,
        -0.24000000000000005,
        0.24000000000000005,
        -0.24000000000000005,
        0.24000000000000005
      ],
      [
        0.07122036793257505,
        -0.6589785668474057,
        0.07301385331317353,
        -0.5799986142755222,
        0.1128988356824964
      ],
      [
        -0.0600518765538538,
        -1.321365484765526,
        0.316382544997073,
        -0.6475462965901585,
        0.36897251436727296
      ],
      [
        -0.20304098848677696,
        -1.4253769718270717,
        0.10461366237093256,
        -0.3486303593790205,
        0.39207912913893395
      ]
    ],
    "total_displacement": 1.535948678882973,
    "total_path_length": 2.3122138727928583,
    "max_excursion": 1.5508603449608978,
    "smoothness": 1.5053978720659003
  }
}