{
  "user_only": [
    [
      0.0,
      0.0,
      0.0,
      0.0,
      0.0
    ],
    [
      0.0,
      0.0,
      0.0,
      0.0,
      0.0
    ],
    [
      -0.045000000000000005,
      0.045000000000000005,
      -0.045000000000000005,
      -0.045000000000000005,
      -0.045000000000000005
    ],
    [
      -0.0765747495503192,
      0.1374327307111415,
      -0.06255958132003869,
      -0.018443764004971806,
      -0.11295206840869337
    ],
    [
      -0.06490969537476088,
      0.24297736501187875,
      -0.0033265098727352296,
      0.06101585384607855,
      -0.1524329471068483
    ],
    [
      0.0009283915797746317,
      0.3213988628071358,
      0.07170950848130275,
      0.11610170042140669,
      -0.1479915249920207
    ]
  ],
  "self_feedback": [
    [
      0.0,
      0.0,
      0.0,
      0.0,
      0.0
    ],
    [
      0.0,
      0.0,
      0.0,
      0.0,
      0.0
    ],
    [
      -0.012847953458926165,
      0.03178548328231487,
      -0.013616300817244086,
      -0.030161128565057045,
      -0.0006879425956965876
    ],
    [
      -0.015736181907648077,
      0.10155395211271552,
      -0.003154709861350434,
      -0.0029108083813449565,
      -0.01923936187657863
    ],
    [
      0.01035900163845049,
      0.19502313488097772,
      0.06756294397989887,
      0.024670432628623166,
      -0.031163220252575986
    ],
    [
      0.029351416129114013,
      0.2712176425884536,
      0.1158514490304488,
      0.054980475074698464,
      -0.06182226893638052
    ]
  ],
  "max_diff": 0.12126972685427231,
  "mean_diff": 0.03410110889747595
}