{
  "ground_truth": [
    [
      0.0,
      0.0,
      0.0,
      0.0,
      0.0
    ],
    [
      0.0,
      0.0,
      0.0,
      0.0,
      0.0
    ],
    [
      -0.045000000000000005,
      0.045000000000000005,
      -0.045000000000000005,
      -0.045000000000000005,
      -0.045000000000000005
    ],
    [
      -0.11007631641733706,
      0.026267311107493068,
      -0.1274607275174165,
      -0.1369680211616736,
      -0.0928963573215347
    ],
    [
      -0.1769403339946889,
      0.08878116083441277,
      -0.24364452397518815,
      -0.18119091173456173,
      -0.10230041649407536
    ],
    [
      -0.19532176649867297,
      0.13313219355918002,
      -0.28511221506890183,
      -0.1451845791557154,
      -0.15874334581699445
    ],
    [
      -0.1596601866424437,
      0.1970077945137229,
      -0.24428687442064398,
      -0.05243507763800277,
      -0.20628085617090536
    ],
    [
      -0.10751334676024457,
      0.2547824049093691,
      -0.20807842400813675,
      0.023734673138912254,
      -0.2258467480649382
    ],
    [
      -0.055340459334967694,
      0.2583779045510436,
      -0.17830493277079312,
      0.07807192609034451,
      -0.269206542507641
    ],
    [
      -0.013657587522716196,
      0.2347193620620314,
      -0.1171000141666067,
      0.07168004729298466,
      -0.2473597957589715
    ],
    [
      0.06026561706437252,
      0.2770259153246159,
      -0.08380023956986346,
      0.07434934665527801,
      -0.1802954360407497
    ]
  ],
  "split_restored": [
    [
      0.0,
      0.0,
      0.0,
      0.0,
      0.0
    ],
    [
      0.0,
      0.0,
      0.0,
      0.0,
      0.0
    ],
    [
      -0.045000000000000005,
      0.045000000000000005,
      -0.045000000000000005,
      -0.045000000000000005,
      -0.045000000000000005
    ],
    [
      -0.11007631641733706,
      0.026267311107493068,
      -0.1274607275174165,
      -0.1369680211616736,
      -0.0928963573215347
    ],
    [
      -0.1769403339946889,
      0.08878116083441277,
      -0.24364452397518815,
      -0.18119091173456173,
      -0.10230041649407536
    ],
    [
      -0.19532176649867297,
      0.13313219355918002,
      -0.28511221506890183,
      -0.1451845791557154,
      -0.15874334581699445
    ],
    [
      -0.1596601866424437,
      0.1970077945137229,
      -0.24428687442064398,
      -0.05243507763800277,
      -0.20628085617090536
    ],
    [
      -0.10751334676024457,
      0.2547824049093691,
      -0.20807842400813675,
      0.023734673138912254,
      -0.2258467480649382
    ],
    [
      -0.055340459334967694,
      0.2583779045510436,
      -0.17830493277079312,
      0.07807192609034451,
      -0.269206542507641
    ],
    [
      -0.013657587522716196,
      0.2347193620620314,
      -0.1171000141666067,
      0.07168004729298466,
      -0.2473597957589715
    ],
    [
      0.06026561706437252,
      0.2770259153246159,
      -0.08380023956986346,
      0.07434934665527801,
      -0.1802954360407497
    ]
  ],
  "max_diff": 0.0,
  "is_perfect": true
}