{
  "layers_tested": [
    9,
    18,
    27
  ],
  "summary": {
    "9": {
      "raw": 0.5833333333333334,
      "diff": 0.6666666666666666
    },
    "18": {
      "raw": 0.6666666666666666,
      "diff": 0.75
    },
    "27": {
      "raw": 0.8333333333333334,
      "diff": 0.8333333333333334
    }
  }
}