{
  "projection_layer": 27,
  "drift_params": {
    "eta": 0.15,
    "momentum": 0.7
  },
  "envelope": {
    "emotion_valence": [
      -2.4,
      1.6
    ],
    "formality": [
      -2.2,
      2.6
    ],
    "creativity": [
      -1.6,
      2.0
    ],
    "confidence": [
      -2.6,
      2.4
    ],
    "empathy": [
      -0.6,
      1.6
    ]
  },
  "conversation": [
    {
      "turn": 1,
      "scene": "闲聊开始",
      "text": "嗨！今天心情怎么样？外面阳光特别好，适合出去走走。",
      "pressure": {
        "emotion_valence": 1.0043498527898667,
        "formality": -0.6833639260143352,
        "creativity": -0.04102935594834728,
        "confidence": 0.2759327882426901,
        "empathy": 0.5732088245945404
      },
      "state_after": {
        "emotion_valence": 0.045195743375544,
        "formality": -0.030751376670645085,
        "creativity": -0.0018463210176756278,
        "confidence": 0.012416975470921056,
        "empathy": 0.02579439710675432
      }
    },
    {
      "turn": 2,
      "scene": "闲聊",
      "text": "对了，你有没有推荐的播客？最近上班路上太无聊了哈哈。",
      "pressure": {
        "emotion_valence": 0.47242717201285095,
        "formality": 0.34112505454179604,
        "creativity": 0.5813636543984385,
        "confidence": 0.568914563571115,
        "empathy": 1.0322009100835483
      },
      "state_after": {
        "emotion_valence": 0.09809198647900311,
        "formality": -0.03692671288571582,
        "creativity": 0.023022618717881173,
        "confidence": 0.046710013661265974,
        "empathy": 0.09029951603524203
      }
    },
    {
      "turn": 3,
      "scene": "情绪转变",
      "text": "说到上班……其实最近压力真的挺大的。老板给的deadline根本不合理，每天加班到十点。",
      "pressure": {
        "emotion_valence": -0.6159421363086536,
        "formality": -2.083984097663753,
        "creativity": 0.47136168809087914,
        "confidence": -0.6819008450067423,
        "empathy": -0.7942000253824221
      },
      "state_after": {
        "emotion_valence": 0.10740196051753506,
        "formality": -0.13502873263113424,
        "creativity": 0.06164215249686049,
        "confidence": 0.04002960236920401,
        "empathy": 0.09971409814297442
      }
    },
    {
      "turn": 4,
      "scene": "情绪加深",
      "text": "有时候半夜醒来会心慌。我知道这不正常，但又不想让家人担心。你觉得我该怎么办？",
      "pressure": {
        "emotion_valence": -1.1105104656507352,
        "formality": 0.6039820412464357,
        "creativity": -1.8305610774253684,
        "confidence": -1.6124682315764283,
        "empathy": 0.7968647629607363
      },
      "state_after": {
        "emotion_valence": 0.06394597139022434,
        "formality": -0.17652095459683753,
        "creativity": 0.0063005776580044165,
        "confidence": -0.03720775595617863,
        "empathy": 0.14216321995162023
      }
    },
    {
      "turn": 5,
      "scene": "情绪高峰",
      "text": "谢谢你听我说这些。好久没跟人说过了。上次这么聊还是跟我妈，但她只会说'别想太多'。",
      "pressure": {
        "emotion_valence": -1.9367170584184743,
        "formality": -0.6627210412368096,
        "creativity": -1.7984280610237666,
        "confidence": -1.2996208826576992,
        "empathy": -0.03410237582132819
      },
      "state_after": {
        "emotion_valence": -0.05362548862772451,
        "formality": -0.23538795682848626,
        "creativity": -0.11336778747526433,
        "confidence": -0.14975684650354296,
        "empathy": 0.17034299830571253
      }
    },
    {
      "turn": 6,
      "scene": "转向技术",
      "text": "好了不说这些了。对了，工作上有个技术问题想请教。我们在做一个分布式缓存系统，一致性hash遇到了热点问题。",
      "pressure": {
        "emotion_valence": -0.8523081433006846,
        "formality": -0.4822123468123871,
        "creativity": 0.2519370584273471,
        "confidence": -0.120254677153026,
        "empathy": -1.6518026655069407
      },
      "state_after": {
        "emotion_valence": -0.17427937708881952,
        "formality": -0.2982944139971978,
        "creativity": -0.18579847543932182,
        "confidence": -0.23395267035858414,
        "empathy": 0.11573772320576481
      }
    },
    {
      "turn": 7,
      "scene": "深入技术",
      "text": "虚拟节点确实能缓解，但我们的场景是实时推荐，写放大很严重。有没有更好的方案？比如CRDT？",
      "pressure": {
        "emotion_valence": 0.439059427845687,
        "formality": 0.8552087064087533,
        "creativity": 0.7244673642125773,
        "confidence": 0.4654993620148325,
        "empathy": -0.7638574367498472
      },
      "state_after": {
        "emotion_valence": -0.2389794247585301,
        "formality": -0.303844542226902,
        "creativity": -0.20389892562459608,
        "confidence": -0.2719422757664455,
        "empathy": 0.04314044598205828
      }
    },
    {
      "turn": 8,
      "scene": "转向创意",
      "text": "突然有个疯狂的想法——如果我们不用传统的缓存架构，而是用类似神经网络的方式来做路由呢？让系统自己学习数据分布。",
      "pressure": {
        "emotion_valence": 0.4887188679012906,
        "formality": -0.2270172108424864,
        "creativity": 1.117929376555609,
        "confidence": 0.49250692192513396,
        "empathy": -0.8756123215778128
      },
      "state_after": {
        "emotion_valence": -0.26227710907176943,
        "formality": -0.3179454064756068,
        "creativity": -0.16626241880928566,
        "confidence": -0.2763721880653174,
        "empathy": -0.047080202545537866
      }
    },
    {
      "turn": 9,
      "scene": "创意发散",
      "text": "对！就像大脑的突触可塑性一样。热点数据自动形成更粗的'神经通路'。你能帮我把这个想法展开成一个技术方案吗？",
      "pressure": {
        "emotion_valence": 0.9591592208118914,
        "formality": 0.6601884797147888,
        "creativity": 0.9240541475089594,
        "confidence": 2.0839037111222525,
        "empathy": -0.08630694064333744
      },
      "state_after": {
        "emotion_valence": -0.23542332315450185,
        "formality": -0.2981075298625347,
        "creativity": -0.09833442740066518,
        "confidence": -0.18569745967402634,
        "empathy": -0.11411846884380535
      }
    },
    {
      "turn": 10,
      "scene": "回归轻松",
      "text": "哈哈这个想法太酷了。谢谢你！今天聊了好多，心情好多了。回头我把方案写好发给你看看？",
      "pressure": {
        "emotion_valence": 1.1517632623169582,
        "formality": 1.6787943406579966,
        "creativity": -0.4010947947963281,
        "confidence": -0.17251271048212696,
        "empathy": 1.8036072680428676
      },
      "state_after": {
        "emotion_valence": -0.1647963262081514,
        "formality": -0.20867527090377436,
        "creativity": -0.06883409918046562,
        "confidence": -0.12998822177181835,
        "empathy": -0.07988292819066353
      }
    }
  ],
  "envelope_events": []
}